,hr (k=10),hr (k=100),hr (k=500),mrr
Snore,0.1818,0.5606,0.8144,0.06541893784455866
node2vec,0.002,0.0144,0.0814,0.001993503629320449
PageRank,0.7856,0.9904,1.0,0.393710085739574
PinSageHN,0.0028,0.0296,0.1262,0.0027120794034131814
PinSageL3,0.0018,0.0232,0.0948,0.0022595620387067996
OpenL3,0.0534,0.1786,0.4132,0.01972288995175904
Preferential,0.0156,0.1154,0.3034,0.008231903664420595
JaccardIndex,0.0156,0.1154,0.3034,0.008231903664420595
