,hr (k=10),hr (k=100),hr (k=500),mrr
Snore,0.011003145243600158,0.05450019787956425,0.08664521235601658,0.005759020508070559
PageRank,0.795626861630111,0.988715657480889,0.9975317128038492,0.3829151969832133
PinSageOpenL3,0.42097315086754566,0.6618967276968901,0.804843883438522,0.13892966702746687
PinSageOpenL3LFM,0.14572788435501677,0.3048803349371993,0.45689349913557875,0.04972814612818744
PinSageOpenL3LFMfull,0.12602324564144224,0.27436522318731904,0.4187339873773667,0.04321957106083792
OpenL3,0.03747214064029661,0.09869503634735154,0.18534545606032202,0.013933541328520396
Preferential,0.0016038659418025787,0.015304422087525256,0.04894915536670208,0.0019050729054686862
JaccardIndex,0.0016038659418025787,0.015304422087525256,0.04894915536670208,0.0019050729054686862
Random,9.373242517028058e-05,0.0009893978212418505,0.005243808452581808,0.0010627008085557722
